city,date,pm25_mean,pm10_mean,no2_mean,o3_mean,co_mean,aqi_mean,temp_mean,humidity_mean,wind_mean,pressure_mean,traffic_index_mean,vehicle_count_sum,congestion_mean,hospital_admissions,respiratory_admissions,population_est,district,population,area_km2,next_day_respiratory_admissions,risk_category,timestamp,pm25,pm10,no2,o3,co
CityA,2025-08-01,20.06125,25.5425,20.107916666666668,29.990416666666665,0.3009166666666666,16.304166666666667,18.89583333333333,62.25416666666666,2.045,1008.5416666666666,51.39166666666667,4948,51.39166666666667,11,6,491351,District_A,520000,150,8.0,Medium,2025-08-01,20.0612,25.5425,20.1079,29.9904,0.3009
CityA,2025-08-02,22.857916666666668,27.84583333333333,22.04625,31.797083333333333,0.3159583333333333,18.28333333333333,18.65458333333333,59.3625,2.14625,1008.45,51.91666666666666,5384,51.91666666666666,13,8,544451,District_A,520000,150,7.0,Medium,2025-08-02,22.8579,27.8458,22.0462,31.7971,0.316
CityB,2025-08-03,27.93875,34.045833333333334,20.79458333333333,29.79583333333333,0.29725,21.72083333333333,24.14375,58.96666666666667,2.0954166666666665,1010.4208333333332,54.2,4914,54.2,7,4,503324,District_B,480000,140,4.0,Low,2025-08-03,27.9388,34.0458,20.7946,29.7958,0.2972
CityA,2025-08-04,22.117500000000003,25.47208333333333,22.25708333333333,30.97375,0.2878333333333333,17.533333333333335,19.084166666666665,61.53333333333333,1.8670833333333328,1010.0625,49.01666666666666,4978,49.01666666666666,10,5,500346,District_A,520000,150,8.0,Low,2025-08-04,22.1175,25.4721,22.2571,30.9738,0.2878
CityC,2025-08-05,10.164166666666668,14.734166666666669,20.935416666666665,29.25,0.300625,9.608333333333333,25.47833333333333,60.99583333333334,1.892083333333333,1011.0,36.47916666666666,5347,36.47916666666666,14,7,518111,District_C,500000,130,7.0,Medium,2025-08-05,10.1642,14.7342,20.9354,29.25,0.3006
CityB,2025-08-06,29.105416666666667,34.26,23.20583333333333,29.817083333333333,0.281875,22.570833333333336,24.777083333333334,60.25416666666667,2.2045833333333333,1009.5,55.025,5693,55.025,10,5,496434,District_B,480000,140,5.0,Low,2025-08-06,29.1054,34.26,23.2058,29.8171,0.2819
CityC,2025-08-07,10.31,15.086666666666666,21.602500000000003,29.911666666666665,0.2895,9.829166666666667,25.425416666666667,60.94166666666666,1.9541666666666664,1010.5041666666666,36.829166666666666,5250,36.829166666666666,13,6,494774,District_C,500000,130,6.0,Medium,2025-08-07,10.31,15.0867,21.6025,29.9117,0.2895
CityA,2025-08-08,20.74375,26.11458333333333,20.94083333333333,31.26083333333333,0.28375,16.816666666666666,18.519583333333333,60.97083333333333,1.91125,1010.6666666666666,50.96666666666667,5033,50.96666666666667,13,7,521397,District_A,520000,150,8.0,Medium,2025-08-08,20.7438,26.1146,20.9408,31.2608,0.2838
CityC,2025-08-09,10.232916666666666,15.204583333333334,20.90458333333333,28.921666666666667,0.307875,9.6375,25.57583333333333,60.6875,2.052083333333333,1009.8458333333332,39.57083333333333,5176,39.57083333333333,12,8,469126,District_C,500000,130,6.0,Medium,2025-08-09,10.2329,15.2046,20.9046,28.9217,0.3079
CityC,2025-08-10,12.085416666666667,17.275833333333335,21.2825,31.4975,0.3151666666666666,10.95,25.612916666666667,60.12916666666666,1.8283333333333327,1009.2,39.454166666666666,4952,39.454166666666666,12,6,481159,District_C,500000,130,11.0,Medium,2025-08-10,12.0854,17.2758,21.2825,31.4975,0.3152
CityB,2025-08-11,27.682916666666667,32.57875,22.36458333333333,30.11916666666667,0.3034166666666666,21.516666666666666,23.9625,61.68333333333334,2.07125,1010.25,54.25,5610,54.25,10,5,494093,District_B,480000,140,3.0,Low,2025-08-11,27.6829,32.5788,22.3646,30.1192,0.3034
CityB,2025-08-12,28.64916666666667,33.24166666666667,21.94666666666667,30.359166666666667,0.3085833333333333,22.054166666666664,24.29875,59.36666666666667,2.0033333333333334,1010.4708333333332,56.01666666666666,5662,56.01666666666666,6,3,489040,District_B,480000,140,4.0,Low,2025-08-12,28.6492,33.2417,21.9467,30.3592,0.3086
CityB,2025-08-13,27.66625,32.11625,21.80541666666667,31.15625,0.2798333333333333,21.370833333333334,24.558333333333334,60.59583333333333,1.9216666666666664,1009.5291666666668,53.56666666666666,5304,53.56666666666666,8,4,516650,District_B,480000,140,3.0,Low,2025-08-13,27.6662,32.1162,21.8054,31.1562,0.2798
CityB,2025-08-14,27.24833333333333,31.49,21.55333333333333,30.355416666666667,0.2946666666666667,21.025,24.22833333333333,57.57083333333333,2.04875,1011.2916666666666,53.35,4922,53.35,7,3,489457,District_B,480000,140,4.0,Low,2025-08-14,27.2483,31.49,21.5533,30.3554,0.2947
CityA,2025-08-15,21.56625,27.35291666666667,19.5475,31.042916666666667,0.2992083333333333,17.291666666666668,18.746666666666663,57.94583333333333,1.9554166666666664,1010.6833333333334,51.29166666666666,5112,51.29166666666666,12,6,522125,District_A,520000,150,8.0,Medium,2025-08-15,21.5662,27.3529,19.5475,31.0429,0.2992
CityA,2025-08-16,18.60291666666667,22.72625,22.031666666666663,29.898750000000003,0.309625,15.283333333333331,18.710416666666667,59.28333333333333,2.0591666666666666,1010.4166666666666,53.02916666666667,5431,53.02916666666667,13,8,490336,District_A,520000,150,9.0,Medium,2025-08-16,18.6029,22.7262,22.0317,29.8988,0.3096
CityA,2025-08-17,20.479166666666668,26.379166666666663,20.375416666666663,31.66875,0.29925,16.679166666666667,18.46333333333333,59.3,2.138333333333333,1009.8708333333334,52.42083333333333,5299,52.42083333333333,15,9,514557,District_A,520000,150,6.0,Medium,2025-08-17,20.4792,26.3792,20.3754,31.6688,0.2992
CityA,2025-08-18,20.954166666666666,25.243333333333336,21.04208333333333,28.875,0.3005833333333333,16.787499999999998,18.802916666666665,59.80833333333334,1.7816666666666665,1010.0916666666668,52.40416666666667,4672,52.40416666666667,11,6,513389,District_A,520000,150,6.0,Medium,2025-08-18,20.9542,25.2433,21.0421,28.875,0.3006
CityC,2025-08-19,12.652916666666668,17.347083333333334,20.41541666666667,30.597916666666663,0.31,11.225,25.41416666666667,63.725,2.0125,1010.4541666666668,39.04583333333333,5118,39.04583333333333,12,7,513217,District_C,500000,130,7.0,Medium,2025-08-19,12.6529,17.3471,20.4154,30.5979,0.31
CityA,2025-08-20,20.7375,25.816666666666663,20.485,30.84166666666667,0.3155,16.720833333333335,18.40458333333333,62.17916666666667,1.95,1009.25,53.26666666666667,5443,53.26666666666667,15,8,501644,District_A,520000,150,7.0,Medium,2025-08-20,20.7375,25.8167,20.485,30.8417,0.3155
CityB,2025-08-21,27.45208333333333,32.250416666666666,21.31,29.696250000000003,0.3049166666666666,21.23333333333333,24.496666666666663,61.49583333333334,1.995833333333333,1009.6291666666666,52.06666666666666,4769,52.06666666666666,11,5,486392,District_B,480000,140,4.0,Low,2025-08-21,27.4521,32.2504,21.31,29.6962,0.3049
CityB,2025-08-22,28.985,34.03333333333333,22.87291666666667,28.446250000000003,0.293875,22.45,24.460833333333337,60.825,1.9679166666666668,1009.1666666666666,55.2125,5100,55.2125,8,4,520892,District_B,480000,140,5.0,Low,2025-08-22,28.985,34.0333,22.8729,28.4462,0.2939
CityB,2025-08-23,29.165000000000003,34.0775,21.17125,29.360416666666666,0.2968333333333333,22.379166666666663,23.81375,62.833333333333336,1.8745833333333333,1009.6791666666668,54.5375,5629,54.5375,9,5,501788,District_B,480000,140,9.0,Low,2025-08-23,29.165,34.0775,21.1712,29.3604,0.2968
CityB,2025-08-24,26.67833333333333,31.58,22.006666666666664,29.704166666666666,0.3228749999999999,20.79583333333333,24.131666666666664,61.32083333333333,1.903333333333333,1009.1291666666666,55.7625,4944,55.7625,14,9,499648,District_B,480000,140,5.0,Medium,2025-08-24,26.6783,31.58,22.0067,29.7042,0.3229
CityA,2025-08-25,19.432916666666667,23.861666666666668,21.022916666666667,29.383333333333336,0.2995416666666666,15.795833333333334,18.73541666666667,57.09166666666667,1.9920833333333328,1010.4541666666668,53.37916666666666,5342,53.37916666666666,12,7,512855,District_A,520000,150,7.0,Medium,2025-08-25,19.4329,23.8617,21.0229,29.3833,0.2995
CityA,2025-08-26,20.825,25.508333333333336,21.40625,30.595416666666665,0.2955,16.783333333333335,18.35333333333333,59.82083333333333,1.87375,1010.0,53.0625,4855,53.0625,11,7,499191,District_A,520000,150,7.0,Medium,2025-08-26,20.825,25.5083,21.4062,30.5954,0.2955
CityB,2025-08-27,26.255,31.299166666666665,20.9825,31.32208333333333,0.2934166666666666,20.45,24.33875,60.7875,2.0079166666666666,1009.8083333333334,55.74583333333334,5077,55.74583333333334,11,6,484978,District_B,480000,140,6.0,Medium,2025-08-27,26.255,31.2992,20.9825,31.3221,0.2934
CityB,2025-08-28,27.39625,31.633750000000003,20.672083333333333,32.084583333333335,0.3111666666666666,21.04583333333333,23.93958333333333,59.54583333333333,2.0345833333333334,1010.7541666666666,54.50833333333333,5108,54.50833333333333,9,6,560753,District_B,480000,140,5.0,Medium,2025-08-28,27.3962,31.6338,20.6721,32.0846,0.3112
CityA,2025-08-29,21.89708333333333,26.749583333333334,21.000833333333333,30.57333333333333,0.2931666666666666,17.5125,18.512916666666666,57.395833333333336,1.7558333333333334,1010.9958333333334,55.11666666666667,5183,55.11666666666667,13,7,481746,District_A,520000,150,6.0,Medium,2025-08-29,21.8971,26.7496,21.0008,30.5733,0.2932
CityB,2025-08-30,29.03125,33.78,21.555833333333336,29.800833333333333,0.3074583333333333,22.304166666666664,24.37333333333333,59.63333333333333,1.9425,1009.1375,54.35416666666666,5544,54.35416666666666,10,5,509815,District_B,480000,140,6.0,Low,2025-08-30,29.0312,33.78,21.5558,29.8008,0.3075
CityA,2025-08-31,20.110833333333336,25.515416666666667,22.42,30.249166666666667,0.2917083333333333,16.545833333333334,18.52,58.49166666666667,2.0704166666666666,1008.5375,50.4625,5255,50.4625,14,7,522068,District_A,520000,150,7.0,Medium,2025-08-31,20.1108,25.5154,22.42,30.2492,0.2917
CityA,2025-09-01,19.602916666666665,23.34583333333333,22.011666666666667,30.052916666666665,0.3064583333333333,15.895833333333334,18.74,60.02916666666667,2.0416666666666665,1010.2458333333334,52.14166666666667,5328,52.14166666666667,13,7,490656,District_A,520000,150,8.0,Medium,2025-09-01,19.6029,23.3458,22.0117,30.0529,0.3065
CityA,2025-09-02,23.235416666666666,27.785416666666663,20.891666666666666,31.00625,0.302375,18.341666666666665,18.41375,62.025,2.0370833333333334,1009.5291666666668,54.44583333333333,5853,54.44583333333333,13,8,532737,District_A,520000,150,8.0,Medium,2025-09-02,23.2354,27.7854,20.8917,31.0062,0.3024
CityB,2025-09-03,28.50958333333333,33.26708333333333,21.305,29.595416666666665,0.3170833333333333,21.933333333333334,24.30541666666667,58.3,2.15375,1009.1666666666666,57.02916666666667,5307,57.02916666666667,11,6,536269,District_B,480000,140,4.0,Medium,2025-09-03,28.5096,33.2671,21.305,29.5954,0.3171
CityB,2025-09-04,28.139166666666668,33.09458333333333,21.53625,30.344583333333333,0.309125,21.741666666666664,24.35083333333333,60.75,2.0329166666666665,1010.0666666666666,54.66666666666666,5457,54.66666666666666,10,4,532229,District_B,480000,140,4.0,Low,2025-09-04,28.1392,33.0946,21.5362,30.3446,0.3091
CityA,2025-09-05,18.880416666666665,24.247083333333336,22.027083333333334,26.957916666666662,0.3002083333333333,15.6875,18.70625,60.7625,1.9833333333333327,1009.8583333333332,52.1875,5273,52.1875,14,8,534373,District_A,520000,150,7.0,Medium,2025-09-05,18.8804,24.2471,22.0271,26.9579,0.3002
CityB,2025-09-06,28.7425,33.997499999999995,20.43,31.085833333333337,0.3075416666666666,22.070833333333336,24.106666666666666,60.55833333333334,2.209583333333333,1010.9625,58.5875,5173,58.5875,10,5,469372,District_B,480000,140,5.0,Low,2025-09-06,28.7425,33.9975,20.43,31.0858,0.3075
CityA,2025-09-07,21.12625,25.855416666666667,21.84875,30.06833333333333,0.2953333333333333,17.058333333333334,18.575416666666666,61.09583333333333,2.0708333333333333,1010.25,51.395833333333336,5314,51.395833333333336,14,9,529314,District_A,520000,150,7.0,Medium,2025-09-07,21.1262,25.8554,21.8488,30.0683,0.2953
CityA,2025-09-08,21.105,27.4675,21.054166666666667,29.261666666666667,0.306125,17.229166666666668,18.64708333333333,61.18333333333334,1.9916666666666665,1010.4,51.37916666666666,5503,51.37916666666666,13,7,505951,District_A,520000,150,8.0,Medium,2025-09-08,21.105,27.4675,21.0542,29.2617,0.3061
CityA,2025-09-09,22.21375,26.718333333333334,21.00958333333333,30.031666666666663,0.2954166666666666,17.650000000000002,18.742916666666662,60.2375,1.88375,1009.4291666666668,50.54583333333333,5112,50.54583333333333,15,8,516411,District_A,520000,150,10.0,Medium,2025-09-09,22.2138,26.7183,21.0096,30.0317,0.2954
CityA,2025-09-10,21.55875,26.789583333333336,20.715416666666663,28.54208333333333,0.3051666666666666,17.3125,18.927916666666665,59.65416666666667,1.98875,1008.7333333333332,53.75,5349,53.75,16,10,493257,District_A,520000,150,8.0,Medium,2025-09-10,21.5588,26.7896,20.7154,28.5421,0.3052
CityB,2025-09-11,28.668333333333333,33.98125,21.38958333333333,31.304166666666664,0.2977916666666667,22.1375,24.39375,61.02916666666667,1.981666666666667,1010.4125,55.8875,5078,55.8875,11,6,477643,District_B,480000,140,7.0,Medium,2025-09-11,28.6683,33.9812,21.3896,31.3042,0.2978
CityB,2025-09-12,28.554166666666664,34.1425,21.683333333333334,29.8925,0.2972916666666667,22.141666666666666,24.578333333333333,58.7625,2.125,1009.15,52.708333333333336,5247,52.708333333333336,12,7,494371,District_B,480000,140,5.0,Medium,2025-09-12,28.5542,34.1425,21.6833,29.8925,0.2973
CityB,2025-09-13,26.79208333333333,32.145,22.33333333333333,30.709166666666665,0.30425,20.975,24.187083333333334,60.875,2.0316666666666667,1009.4625,52.9875,5307,52.9875,8,5,481910,District_B,480000,140,5.0,Low,2025-09-13,26.7921,32.145,22.3333,30.7092,0.3042
CityA,2025-09-14,18.60333333333333,22.885,21.06583333333333,28.0675,0.3070833333333333,15.225,18.839583333333334,59.19166666666666,1.9904166666666667,1009.9583333333334,49.69583333333333,4934,49.69583333333333,10,5,480520,District_A,520000,150,7.0,Low,2025-09-14,18.6033,22.885,21.0658,28.0675,0.3071
CityB,2025-09-15,27.23583333333333,32.32666666666667,20.331666666666667,29.52208333333333,0.2760416666666667,21.02083333333333,24.357916666666668,57.55416666666667,1.9183333333333328,1010.5166666666668,53.208333333333336,5875,53.208333333333336,8,3,507803,District_B,480000,140,6.0,Low,2025-09-15,27.2358,32.3267,20.3317,29.5221,0.276
CityB,2025-09-16,28.59583333333333,34.193333333333335,20.68916666666667,32.13666666666666,0.2961666666666666,22.066666666666663,24.010416666666668,62.11666666666667,2.067916666666666,1009.8041666666668,54.925,5035,54.925,11,6,552125,District_B,480000,140,6.0,Medium,2025-09-16,28.5958,34.1933,20.6892,32.1367,0.2962
CityB,2025-09-17,28.29958333333333,33.22,20.7475,29.8275,0.30225,21.77083333333333,24.04041666666667,61.9125,1.9054166666666663,1010.3041666666668,53.1625,5362,53.1625,10,6,507739,District_B,480000,140,4.0,Medium,2025-09-17,28.2996,33.22,20.7475,29.8275,0.3022
CityA,2025-09-18,20.305416666666662,25.26833333333333,20.13375,29.770416666666662,0.2878333333333333,16.3875,18.76458333333333,60.41666666666666,1.9866666666666664,1009.175,52.42083333333333,5126,52.42083333333333,10,6,469466,District_A,520000,150,8.0,Medium,2025-09-18,20.3054,25.2683,20.1338,29.7704,0.2878
CityA,2025-09-19,19.905,24.717916666666667,22.057916666666667,30.65125,0.3205416666666666,16.2625,18.82875,58.57083333333333,2.029583333333333,1010.1416666666668,53.225,5179,53.225,13,8,475793,District_A,520000,150,7.0,Medium,2025-09-19,19.905,24.7179,22.0579,30.6512,0.3205
CityA,2025-09-20,21.1675,26.55333333333333,22.13875,30.38416666666667,0.2984583333333333,17.224999999999998,18.57583333333333,59.85833333333333,1.9383333333333328,1010.0833333333334,53.5125,4984,53.5125,13,7,479312,District_A,520000,150,5.0,Medium,2025-09-20,21.1675,26.5533,22.1388,30.3842,0.2985
CityA,2025-09-21,19.332083333333333,24.160833333333333,21.82875,28.831666666666667,0.2824583333333333,15.875,18.51125,61.45,1.90125,1010.45,50.02916666666667,4957,50.02916666666667,10,5,514379,District_A,520000,150,6.0,Low,2025-09-21,19.3321,24.1608,21.8288,28.8317,0.2825
CityB,2025-09-22,28.86958333333333,33.62416666666667,21.5725,31.672083333333333,0.2912083333333333,22.191666666666663,24.02583333333333,60.7125,1.9575,1010.6291666666666,54.40416666666667,5215,54.40416666666667,7,4,514652,District_B,480000,140,4.0,Low,2025-09-22,28.8696,33.6242,21.5725,31.6721,0.2912
CityB,2025-09-23,29.33875,35.69916666666666,21.01375,31.532916666666665,0.2956249999999999,22.725,24.508750000000003,62.31666666666666,2.09375,1009.1166666666668,56.01666666666667,5482,56.01666666666667,7,4,474405,District_B,480000,140,5.0,Low,2025-09-23,29.3388,35.6992,21.0138,31.5329,0.2956
CityB,2025-09-24,26.40958333333333,31.09625,20.36916666666667,29.96375,0.3029166666666666,20.42083333333333,24.324166666666667,59.22916666666666,2.0591666666666666,1009.1333333333332,51.47916666666666,5357,51.47916666666666,10,5,489319,District_B,480000,140,5.0,Low,2025-09-24,26.4096,31.0962,20.3692,29.9638,0.3029
CityB,2025-09-25,28.80666666666667,32.83833333333333,23.40083333333333,30.16375,0.3120416666666666,22.22083333333333,24.11791666666667,59.04583333333333,2.0641666666666665,1009.3458333333332,54.44583333333333,5083,54.44583333333333,9,5,501102,District_B,480000,140,6.0,Low,2025-09-25,28.8067,32.8383,23.4008,30.1638,0.312
CityB,2025-09-26,27.387083333333333,32.41875,20.96291666666667,30.704166666666666,0.3206666666666666,21.183333333333334,24.02583333333333,62.30416666666667,2.2070833333333333,1010.5666666666666,57.7875,5015,57.7875,10,6,497337,District_B,480000,140,3.0,Medium,2025-09-26,27.3871,32.4188,20.9629,30.7042,0.3207
CityB,2025-09-27,27.260416666666668,32.25333333333334,21.55625,30.692083333333333,0.2904583333333333,21.17083333333333,24.127916666666668,60.24166666666667,2.1641666666666666,1010.4625,55.62916666666666,4779,55.62916666666666,7,3,484743,District_B,480000,140,5.0,Low,2025-09-27,27.2604,32.2533,21.5562,30.6921,0.2905
CityB,2025-09-28,28.237916666666667,32.60166666666667,19.758333333333333,29.25,0.3027083333333333,21.52916666666667,24.089583333333334,61.40416666666667,1.8558333333333328,1010.3833333333332,54.44583333333333,5059,54.44583333333333,10,5,521475,District_B,480000,140,4.0,Low,2025-09-28,28.2379,32.6017,19.7583,29.25,0.3027
CityA,2025-09-29,22.1125,27.335,21.045416666666664,28.3875,0.2995833333333333,17.729166666666668,18.630416666666665,61.01666666666667,2.0329166666666665,1010.1625,49.47916666666666,5303,49.47916666666666,11,6,496414,District_A,520000,150,9.0,Medium,2025-09-29,22.1125,27.335,21.0454,28.3875,0.2996
CityA,2025-09-30,22.32625,27.114166666666662,21.23708333333333,30.94666666666667,0.316125,17.804166666666667,18.657083333333333,60.45,2.044166666666667,1010.5291666666668,51.22083333333333,5324,51.22083333333333,15,9,497867,District_A,520000,150,5.0,Medium,2025-09-30,22.3263,27.1142,21.2371,30.9467,0.3161
CityB,2025-10-01,27.0775,32.214166666666664,21.109583333333333,29.35875,0.30225,21.016666666666666,24.167916666666667,60.458333333333336,2.120833333333333,1009.9208333333332,54.90416666666667,5105,54.90416666666667,10,6,511521,District_B,480000,140,5.0,Medium,2025-10-01,27.0775,32.2142,21.1096,29.3588,0.3022
CityB,2025-10-02,28.357916666666668,33.39,20.11916666666667,30.49291666666667,0.3201666666666666,21.758333333333336,24.10375,59.21666666666667,1.985,1010.5541666666668,51.325,5072,51.325,10,5,484272,District_B,480000,140,6.0,Low,2025-10-02,28.3579,33.39,20.1192,30.4929,0.3202
CityB,2025-10-03,27.72125,32.77875,21.307916666666667,30.812916666666663,0.2992083333333333,21.46666666666667,23.652916666666663,59.15416666666667,1.93875,1008.7541666666666,56.17083333333333,5310,56.17083333333333,10,6,440811,District_B,480000,140,6.0,Medium,2025-10-03,27.7212,32.7788,21.3079,30.8129,0.2992
CityB,2025-10-04,28.992083333333337,33.92541666666667,21.71291666666667,29.27416666666667,0.2777916666666666,22.325,24.15041666666667,57.7625,1.935,1009.6291666666666,55.825,5220,55.825,11,6,496654,District_B,480000,140,6.0,Medium,2025-10-04,28.9921,33.9254,21.7129,29.2742,0.2778
CityB,2025-10-05,27.91375,32.443333333333335,21.3375,30.115416666666665,0.2873333333333333,21.495833333333334,23.972916666666663,59.7375,1.85375,1010.0333333333332,54.2625,5475,54.2625,11,6,504515,District_B,480000,140,3.0,Medium,2025-10-05,27.9138,32.4433,21.3375,30.1154,0.2873
CityA,2025-10-06,21.86458333333333,26.281666666666663,21.4825,29.49416666666667,0.298375,17.458333333333332,18.695,61.86666666666667,2.0829166666666667,1010.0916666666668,51.375,5320,51.375,13,6,516651,District_A,520000,150,4.0,Medium,2025-10-06,21.8646,26.2817,21.4825,29.4942,0.2984
CityA,2025-10-07,21.547083333333333,26.53,20.65833333333333,29.756666666666664,0.287375,17.266666666666666,18.95875,58.1,2.0470833333333336,1010.1375,51.9125,5148,51.9125,9,4,514199,District_A,520000,150,7.0,Low,2025-10-07,21.5471,26.53,20.6583,29.7567,0.2874
CityA,2025-10-08,21.942916666666665,27.396666666666665,21.100416666666664,28.551666666666662,0.3195833333333333,17.654166666666665,18.66125,59.19583333333333,1.8854166666666667,1009.7666666666668,51.6875,5686,51.6875,13,7,515399,District_A,520000,150,7.0,Medium,2025-10-08,21.9429,27.3967,21.1004,28.5517,0.3196
CityA,2025-10-09,20.995416666666667,26.02,22.3,29.57041666666667,0.3135,17.058333333333334,18.53875,60.11666666666667,2.2125,1011.0166666666668,51.12916666666666,5769,51.12916666666666,13,7,493029,District_A,520000,150,5.0,Medium,2025-10-09,20.9954,26.02,22.3,29.5704,0.3135
CityA,2025-10-10,20.30958333333333,25.44708333333333,21.68583333333333,30.73,0.29725,16.5625,18.86458333333333,58.95416666666667,2.0175,1009.7041666666668,51.675,4961,51.675,12,5,517691,District_A,520000,150,8.0,Low,2025-10-10,20.3096,25.4471,21.6858,30.73,0.2972
CityA,2025-10-11,21.610416666666666,25.812083333333334,21.39833333333333,31.655833333333334,0.317375,17.241666666666667,18.81583333333333,58.79166666666666,2.1075,1010.1,54.35,5175,54.35,14,8,501107,District_A,520000,150,7.0,Medium,2025-10-11,21.6104,25.8121,21.3983,31.6558,0.3174
CityB,2025-10-12,27.549166666666665,32.66291666666667,21.610416666666666,29.13416666666667,0.3065,21.383333333333336,24.13583333333333,59.63333333333333,2.0191666666666666,1008.7458333333334,53.07083333333333,5200,53.07083333333333,10,6,500708,District_B,480000,140,4.0,Medium,2025-10-12,27.5492,32.6629,21.6104,29.1342,0.3065
CityB,2025-10-13,27.238333333333333,32.21125,21.27958333333333,30.63458333333333,0.2939583333333333,21.116666666666667,23.989166666666662,64.04166666666667,1.887916666666667,1011.1625,56.02916666666667,5081,56.02916666666667,7,4,512394,District_B,480000,140,4.0,Low,2025-10-13,27.2383,32.2112,21.2796,30.6346,0.294
CityA,2025-10-14,20.41583333333333,25.01083333333333,20.761666666666667,30.085416666666664,0.2984166666666666,16.462500000000002,18.92833333333333,58.575,2.161666666666666,1009.8416666666668,53.4125,5198,53.4125,12,7,477288,District_A,520000,150,7.0,Medium,2025-10-14,20.4158,25.0108,20.7617,30.0854,0.2984
CityB,2025-10-15,28.715416666666663,34.22708333333333,20.3725,28.074583333333333,0.28175,22.09583333333333,23.90416666666667,58.8375,1.83625,1010.0041666666666,52.79166666666666,5395,52.79166666666666,8,4,498434,District_B,480000,140,7.0,Low,2025-10-15,28.7154,34.2271,20.3725,28.0746,0.2818
CityB,2025-10-16,28.618333333333336,33.134166666666665,21.766666666666666,30.025,0.2855416666666666,22.016666666666666,23.78458333333333,59.1875,2.07875,1009.4791666666666,54.208333333333336,5166,54.208333333333336,12,7,497786,District_B,480000,140,4.0,Medium,2025-10-16,28.6183,33.1342,21.7667,30.025,0.2855
CityB,2025-10-17,27.09125,32.3925,21.57166666666667,30.85458333333333,0.2997083333333333,21.1,24.361666666666665,58.5625,1.8641666666666667,1009.7916666666666,55.76666666666667,5378,55.76666666666667,8,4,499977,District_B,480000,140,6.0,Low,2025-10-17,27.0912,32.3925,21.5717,30.8546,0.2997
CityA,2025-10-18,23.095,27.832083333333333,20.432916666666667,29.141666666666666,0.29275,18.22083333333333,18.812083333333334,61.083333333333336,2.182916666666667,1009.8416666666668,51.80416666666667,5367,51.80416666666667,11,7,520265,District_A,520000,150,8.0,Medium,2025-10-18,23.095,27.8321,20.4329,29.1417,0.2928
CityB,2025-10-19,27.557916666666667,31.97458333333333,20.811666666666667,29.865,0.2982916666666667,21.183333333333334,24.567916666666665,59.4375,1.9408333333333327,1010.4,56.00416666666666,5189,56.00416666666666,9,5,499575,District_B,480000,140,4.0,Low,2025-10-19,27.5579,31.9746,20.8117,29.865,0.2983
CityB,2025-10-20,27.43208333333333,31.52583333333333,21.40375,30.74083333333333,0.302125,21.120833333333334,24.27208333333333,57.85833333333333,2.025416666666666,1011.2541666666666,54.6375,5220,54.6375,9,4,498291,District_B,480000,140,7.0,Low,2025-10-20,27.4321,31.5258,21.4038,30.7408,0.3021
CityB,2025-10-21,28.26708333333333,33.91875,20.938333333333333,29.52958333333333,0.3018333333333333,21.883333333333336,23.70125,59.525,2.125,1010.1333333333332,54.975,4940,54.975,11,7,519688,District_B,480000,140,5.0,Medium,2025-10-21,28.2671,33.9188,20.9383,29.5296,0.3018
CityB,2025-10-22,28.41333333333333,33.69166666666667,20.105,28.972916666666663,0.2877083333333333,21.8375,24.212083333333336,60.17083333333333,2.0029166666666667,1009.9833333333332,53.07916666666667,4754,53.07916666666667,9,5,524860,District_B,480000,140,5.0,Low,2025-10-22,28.4133,33.6917,20.105,28.9729,0.2877
CityA,2025-10-23,22.337083333333336,26.461250000000003,20.36208333333333,30.065,0.3089166666666667,17.625,19.017083333333336,62.05416666666667,2.115,1010.6375,52.74583333333334,5506,52.74583333333334,15,8,502765,District_A,520000,150,7.0,Medium,2025-10-23,22.3371,26.4613,20.3621,30.065,0.3089
CityB,2025-10-24,27.826666666666668,32.72958333333333,23.47208333333333,29.817083333333333,0.302125,21.725,24.521666666666665,62.9125,2.043333333333333,1009.5166666666668,54.2,4863,54.2,5,3,519325,District_B,480000,140,4.0,Low,2025-10-24,27.8267,32.7296,23.4721,29.8171,0.3021
CityA,2025-10-25,21.53625,27.089166666666667,21.09583333333333,28.152083333333334,0.3119583333333333,17.391666666666666,18.7725,59.425,1.9241666666666664,1010.9625,54.31666666666666,5306,54.31666666666666,14,8,494035,District_A,520000,150,8.0,Medium,2025-10-25,21.5362,27.0892,21.0958,28.1521,0.312
CityB,2025-10-26,27.809166666666663,32.330416666666665,21.067916666666665,29.471666666666668,0.3015833333333333,21.40416666666667,24.84,60.4375,2.00125,1010.7833333333332,55.94583333333333,5072,55.94583333333333,9,5,508977,District_B,480000,140,9.0,Low,2025-10-26,27.8092,32.3304,21.0679,29.4717,0.3016
CityB,2025-10-27,29.57208333333333,33.85666666666666,21.544166666666666,28.77583333333333,0.3095,22.579166666666666,24.286666666666665,58.90833333333333,1.8995833333333327,1011.0416666666666,55.53333333333333,5202,55.53333333333333,15,9,503565,District_B,480000,140,6.0,Medium,2025-10-27,29.5721,33.8567,21.5442,28.7758,0.3095
CityB,2025-10-28,28.67958333333333,32.720416666666665,20.852083333333333,30.740416666666665,0.3066666666666666,21.875,24.363333333333333,60.78333333333333,1.8970833333333328,1010.0958333333332,54.337500000000006,4738,54.337500000000006,10,6,510546,District_B,480000,140,6.0,Medium,2025-10-28,28.6796,32.7204,20.8521,30.7404,0.3067
CityB,2025-10-29,28.77416666666667,33.420833333333334,21.711250000000003,30.050416666666667,0.2974583333333333,22.120833333333334,24.034166666666668,58.0,1.9241666666666664,1010.9958333333334,55.7,5180,55.7,11,6,510717,District_B,480000,140,9.0,Medium,2025-10-29,28.7742,33.4208,21.7113,30.0504,0.2975
